{
  "Recall@1": 0.5326530612244897,
  "Recall@2": 0.5938775510204082,
  "Recall@5": 0.6585034013605442,
  "Recall@10": 0.6585034013605442,
  "Recall@15": 0.6585034013605442,
  "Recall@20": 0.6585034013605442,
  "PearsonR": 0.8578578683879271,
  "MSE": 4.789874304898033,
  "Backend": "annoy",
  "EmbedTime": 7.482288105995394,
  "IndexTime": 0.16174544699606486,
  "QueryEmbedTime": 4.971889020991512,
  "SearchTime": 0.3418673619744368,
  "RegressionTime": 3.30386048098444
}